idna_subject,checker_type,destination,source,tested_at,session_id
0.r.msn.com,AVAILABILITY,domains.list,domains.list,2022-01-28 09:31:21.824345,df6dd5cb14bd19e193687f41
050003.voodoo.com,AVAILABILITY,domains.list,domains.list,2022-01-28 09:31:22.391644,df6dd5cb14bd19e193687f41
050005.voodoo.com,AVAILABILITY,domains.list,domains.list,2022-01-28 09:31:23.016609,df6dd5cb14bd19e193687f41
0koryu0.easter.ne.jp,AVAILABILITY,domains.list,domains.list,2022-01-28 09:31:24.474040,df6dd5cb14bd19e193687f41
1001movies.com,AVAILABILITY,domains.list,domains.list,2022-01-28 09:31:28.459631,df6dd5cb14bd19e193687f41
101malls.com,AVAILABILITY,domains.list,domains.list,2022-01-28 09:31:29.606875,df6dd5cb14bd19e193687f41
105vibe.com,AVAILABILITY,domains.list,domains.list,2022-01-28 09:31:40.124499,df6dd5cb14bd19e193687f41
11164531-19021001.c2.adprotect.net,AVAILABILITY,domains.list,domains.list,2022-01-28 09:31:40.392813,df6dd5cb14bd19e193687f41
11165583-40348.id2.clickprotects.com,AVAILABILITY,domains.list,domains.list,2022-01-28 09:31:40.662003,df6dd5cb14bd19e193687f41
11hour.com,AVAILABILITY,domains.list,domains.list,2022-01-28 09:31:42.935215,df6dd5cb14bd19e193687f41
11zz.com,AVAILABILITY,domains.list,domains.list,2022-01-28 09:31:43.680732,df6dd5cb14bd19e193687f41
123go.com,AVAILABILITY,domains.list,domains.list,2022-01-28 09:31:54.010000,df6dd5cb14bd19e193687f41
188838.parkingcrew.net,AVAILABILITY,domains.list,domains.list,2022-01-28 09:31:54.658717,df6dd5cb14bd19e193687f41
1gavcom.popunder.ru,AVAILABILITY,domains.list,domains.list,2022-01-28 09:31:55.557182,df6dd5cb14bd19e193687f41
1xxx.cqcounter.com,AVAILABILITY,domains.list,domains.list,2022-01-28 09:31:56.135685,df6dd5cb14bd19e193687f41
2.rubanners.com,AVAILABILITY,domains.list,domains.list,2022-01-28 09:31:57.006158,df6dd5cb14bd19e193687f41
21750.tctm.co,AVAILABILITY,domains.list,domains.list,2022-01-28 09:31:57.413555,df6dd5cb14bd19e193687f41
2607.cn,AVAILABILITY,domains.list,domains.list,2022-01-28 09:31:58.873520,df6dd5cb14bd19e193687f41
302br.net,AVAILABILITY,domains.list,domains.list,2022-01-28 09:31:59.231235,df6dd5cb14bd19e193687f41
32e1dff65ea4eb3627ed-f1ecc94c86a56d3e42e512fcfd192886.r6.cf1.rackcdn.com,AVAILABILITY,domains.list,domains.list,2022-01-28 09:31:59.496808,df6dd5cb14bd19e193687f41
39dvd-999.com,AVAILABILITY,domains.list,domains.list,2022-01-28 09:31:59.763548,df6dd5cb14bd19e193687f41
4.dlevo.com,AVAILABILITY,domains.list,domains.list,2022-01-28 09:32:10.132657,df6dd5cb14bd19e193687f41
4.e-why.net,AVAILABILITY,domains.list,domains.list,2022-01-28 09:32:10.403197,df6dd5cb14bd19e193687f41
404.xxxymovies.com,AVAILABILITY,domains.list,domains.list,2022-01-28 09:32:11.332844,df6dd5cb14bd19e193687f41
4133.88.primosearch.com,AVAILABILITY,domains.list,domains.list,2022-01-28 09:32:11.751647,df6dd5cb14bd19e193687f41
422653.parkingcrew.net,AVAILABILITY,domains.list,domains.list,2022-01-28 09:32:12.398310,df6dd5cb14bd19e193687f41
4654.2465.primosearch.com,AVAILABILITY,domains.list,domains.list,2022-01-28 09:32:12.808243,df6dd5cb14bd19e193687f41
5.estasiatica.com,AVAILABILITY,domains.list,domains.list,2022-01-28 09:32:13.228165,df6dd5cb14bd19e193687f41
5.eventiduepuntozero.com,AVAILABILITY,domains.list,domains.list,2022-01-28 09:32:13.668981,df6dd5cb14bd19e193687f41
5486.winxp.primosearch.com,AVAILABILITY,domains.list,domains.list,2022-01-28 09:32:14.068185,df6dd5cb14bd19e193687f41
5490.spedads.primosearch.com,AVAILABILITY,domains.list,domains.list,2022-01-28 09:32:14.475136,df6dd5cb14bd19e193687f41
6266.570204.primosearch.com,AVAILABILITY,domains.list,domains.list,2022-01-28 09:32:14.888932,df6dd5cb14bd19e193687f41
633642.parkingcrew.net,AVAILABILITY,domains.list,domains.list,2022-01-28 09:32:15.545649,df6dd5cb14bd19e193687f41
6b8a953b2bf7788063d5-6e453f33ecbb90f11a62a5c376375af3.r71.cf5.rackcdn.com,AVAILABILITY,domains.list,domains.list,2022-01-28 09:32:15.820396,df6dd5cb14bd19e193687f41
77search.com,AVAILABILITY,domains.list,domains.list,2022-01-28 09:32:16.170750,df6dd5cb14bd19e193687f41
7metasearch.com,AVAILABILITY,domains.list,domains.list,2022-01-28 09:32:16.506388,df6dd5cb14bd19e193687f41
7search.com,AVAILABILITY,domains.list,domains.list,2022-01-28 09:32:16.849561,df6dd5cb14bd19e193687f41
7softwaredreams.com,AVAILABILITY,domains.list,domains.list,2022-01-28 09:32:17.177684,df6dd5cb14bd19e193687f41
944279.parkingcrew.net,AVAILABILITY,domains.list,domains.list,2022-01-28 09:32:17.827444,df6dd5cb14bd19e193687f41
97b1c56132dfcdd90f93-0c5c8388c0a5897e648f883e2c86dc72.r54.cf5.rackcdn.com,AVAILABILITY,domains.list,domains.list,2022-01-28 09:32:18.087369,df6dd5cb14bd19e193687f41
999ways.blogspot.co.uk,AVAILABILITY,domains.list,domains.list,2022-01-28 09:32:19.095975,df6dd5cb14bd19e193687f41
a.zeroredirect1.com,AVAILABILITY,domains.list,domains.list,2022-01-28 09:32:19.535930,df6dd5cb14bd19e193687f41
a1.x-traceur.com,AVAILABILITY,domains.list,domains.list,2022-01-28 09:32:19.912585,df6dd5cb14bd19e193687f41
a12.x-traceur.com,AVAILABILITY,domains.list,domains.list,2022-01-28 09:32:20.182990,df6dd5cb14bd19e193687f41
a18.x-traceur.com,AVAILABILITY,domains.list,domains.list,2022-01-28 09:32:20.474538,df6dd5cb14bd19e193687f41
a20.x-traceur.com,AVAILABILITY,domains.list,domains.list,2022-01-28 09:32:20.748088,df6dd5cb14bd19e193687f41
a3.x-traceur.com,AVAILABILITY,domains.list,domains.list,2022-01-28 09:32:21.017943,df6dd5cb14bd19e193687f41
abacusfinance.co.uk,AVAILABILITY,domains.list,domains.list,2022-01-28 09:32:24.127168,df6dd5cb14bd19e193687f41
accidentadvicehelpline.co.uk,AVAILABILITY,domains.list,domains.list,2022-01-28 09:32:25.452993,df6dd5cb14bd19e193687f41
acezsoftware.com,AVAILABILITY,domains.list,domains.list,2022-01-28 09:32:30.889354,df6dd5cb14bd19e193687f41
ad-souk.com,AVAILABILITY,domains.list,domains.list,2022-01-28 09:32:31.161080,df6dd5cb14bd19e193687f41
ad.adverticum.net,AVAILABILITY,domains.list,domains.list,2022-01-28 09:32:32.382116,df6dd5cb14bd19e193687f41
ad.infoseek.com,AVAILABILITY,domains.list,domains.list,2022-01-28 09:32:33.020288,df6dd5cb14bd19e193687f41
ad132m.adk2.co,AVAILABILITY,domains.list,domains.list,2022-01-28 09:32:33.935651,df6dd5cb14bd19e193687f41
ad3.linkbucks.com,AVAILABILITY,domains.list,domains.list,2022-01-28 09:32:44.312064,df6dd5cb14bd19e193687f41
adamsfilms.com,AVAILABILITY,domains.list,domains.list,2022-01-28 09:32:48.170071,df6dd5cb14bd19e193687f41
adblockanalytics.com,AVAILABILITY,domains.list,domains.list,2022-01-28 09:32:49.147901,df6dd5cb14bd19e193687f41
adcell.de,AVAILABILITY,domains.list,domains.list,2022-01-28 09:32:51.037680,df6dd5cb14bd19e193687f41
adchimp.com,AVAILABILITY,domains.list,domains.list,2022-01-28 09:32:51.722149,df6dd5cb14bd19e193687f41
adclickthru.net,AVAILABILITY,domains.list,domains.list,2022-01-28 09:33:02.053796,df6dd5cb14bd19e193687f41
additcinggames.com,AVAILABILITY,domains.list,domains.list,2022-01-28 09:33:02.826387,df6dd5cb14bd19e193687f41
adgtracker.com,AVAILABILITY,domains.list,domains.list,2022-01-28 09:33:03.244649,df6dd5cb14bd19e193687f41
adlock.in,AVAILABILITY,domains.list,domains.list,2022-01-28 09:33:03.611141,df6dd5cb14bd19e193687f41
adnetworkperformance.com,AVAILABILITY,domains.list,domains.list,2022-01-28 09:33:03.954846,df6dd5cb14bd19e193687f41
adobe-flashplayer.com,AVAILABILITY,domains.list,domains.list,2022-01-28 09:33:04.213416,df6dd5cb14bd19e193687f41
adprotect.net,AVAILABILITY,domains.list,domains.list,2022-01-28 09:33:14.642270,df6dd5cb14bd19e193687f41
ads.lzjl.com,AVAILABILITY,domains.list,domains.list,2022-01-28 09:33:25.125786,df6dd5cb14bd19e193687f41
ads2.vortexmediagroup.com,AVAILABILITY,domains.list,domains.list,2022-01-28 09:33:26.510970,df6dd5cb14bd19e193687f41
adserver.adtech.de,AVAILABILITY,domains.list,domains.list,2022-01-28 09:33:27.211318,df6dd5cb14bd19e193687f41
adserver.alt.com,AVAILABILITY,domains.list,domains.list,2022-01-28 09:33:27.892839,df6dd5cb14bd19e193687f41
adserver.online-tech.com,AVAILABILITY,domains.list,domains.list,2022-01-28 09:33:28.159428,df6dd5cb14bd19e193687f41
adson.awempire.com,AVAILABILITY,domains.list,domains.list,2022-01-28 09:33:28.803738,df6dd5cb14bd19e193687f41
adsrv.iol.co.za,AVAILABILITY,domains.list,domains.list,2022-01-28 09:33:39.490060,df6dd5cb14bd19e193687f41
adtegrity.com,AVAILABILITY,domains.list,domains.list,2022-01-28 09:33:40.493554,df6dd5cb14bd19e193687f41
adtiger.de,AVAILABILITY,domains.list,domains.list,2022-01-28 09:33:42.118085,df6dd5cb14bd19e193687f41
adv.all-free-download.com,AVAILABILITY,domains.list,domains.list,2022-01-28 09:33:42.383359,df6dd5cb14bd19e193687f41
advancedcleaner.com,AVAILABILITY,domains.list,domains.list,2022-01-28 09:33:43.146890,df6dd5cb14bd19e193687f41
advancedmactools.com,AVAILABILITY,domains.list,domains.list,2022-01-28 09:33:43.454544,df6dd5cb14bd19e193687f41
adwcleaner.programmesetjeux.com,AVAILABILITY,domains.list,domains.list,2022-01-28 09:33:44.642604,df6dd5cb14bd19e193687f41
adwcleaner.telecharger.toggle.com,AVAILABILITY,domains.list,domains.list,2022-01-28 09:33:45.288457,df6dd5cb14bd19e193687f41
aff.ringtonepartner.com,AVAILABILITY,domains.list,domains.list,2022-01-28 09:33:46.164482,df6dd5cb14bd19e193687f41
aff12.com,AVAILABILITY,domains.list,domains.list,2022-01-28 09:33:46.464883,df6dd5cb14bd19e193687f41
affiliate.dtiserv.com,AVAILABILITY,domains.list,domains.list,2022-01-28 09:33:46.924484,df6dd5cb14bd19e193687f41
affiliate.friendlyduck.com,AVAILABILITY,domains.list,domains.list,2022-01-28 09:33:47.663390,df6dd5cb14bd19e193687f41
affiliate.gwmtracker.com,AVAILABILITY,domains.list,domains.list,2022-01-28 09:33:48.272578,df6dd5cb14bd19e193687f41
affiliate.trk4.com,AVAILABILITY,domains.list,domains.list,2022-01-28 09:33:49.820959,df6dd5cb14bd19e193687f41
affiliates.streamray.com,AVAILABILITY,domains.list,domains.list,2022-01-28 09:33:51.758490,df6dd5cb14bd19e193687f41
affntwklnk.com,AVAILABILITY,domains.list,domains.list,2022-01-28 09:33:52.144913,df6dd5cb14bd19e193687f41
afftrack.com,AVAILABILITY,domains.list,domains.list,2022-01-28 09:33:52.841468,df6dd5cb14bd19e193687f41
agstracker.com,AVAILABILITY,domains.list,domains.list,2022-01-28 09:33:53.402588,df6dd5cb14bd19e193687f41
aimes.com,AVAILABILITY,domains.list,domains.list,2022-01-28 09:33:54.317324,df6dd5cb14bd19e193687f41
aitligold.tripod.com,AVAILABILITY,domains.list,domains.list,2022-01-28 09:33:55.266838,df6dd5cb14bd19e193687f41
ak.imgfarm.com,AVAILABILITY,domains.list,domains.list,2022-01-28 09:33:55.682556,df6dd5cb14bd19e193687f41
akirkpatrick.com,AVAILABILITY,domains.list,domains.list,2022-01-28 09:33:56.436146,df6dd5cb14bd19e193687f41
albiondrugs.com,AVAILABILITY,domains.list,domains.list,2022-01-28 09:34:00.753923,df6dd5cb14bd19e193687f41
alibabaslots.com,AVAILABILITY,domains.list,domains.list,2022-01-28 09:34:01.563383,df6dd5cb14bd19e193687f41
all-internet-security.com,AVAILABILITY,domains.list,domains.list,2022-01-28 09:34:01.824959,df6dd5cb14bd19e193687f41
allfet.info,AVAILABILITY,domains.list,domains.list,2022-01-28 09:34:03.358688,df6dd5cb14bd19e193687f41
amare.softwaregarden.com,AVAILABILITY,domains.list,domains.list,2022-01-28 09:34:03.994072,df6dd5cb14bd19e193687f41
american-prize-center.com,AVAILABILITY,domains.list,domains.list,2022-01-28 09:34:04.261878,df6dd5cb14bd19e193687f41
analytics.supplyframe.com,AVAILABILITY,domains.list,domains.list,2022-01-28 09:34:04.681259,df6dd5cb14bd19e193687f41
anapixel.elmundo.es,AVAILABILITY,domains.list,domains.list,2022-01-28 09:34:05.414019,df6dd5cb14bd19e193687f41
anapixel.marca.com,AVAILABILITY,domains.list,domains.list,2022-01-28 09:34:06.047820,df6dd5cb14bd19e193687f41
andr.net,AVAILABILITY,domains.list,domains.list,2022-01-28 09:34:26.487055,df6dd5cb14bd19e193687f41
anelkathe.tripod.com,AVAILABILITY,domains.list,domains.list,2022-01-28 09:34:28.665491,df6dd5cb14bd19e193687f41
anews.co.uk,AVAILABILITY,domains.list,domains.list,2022-01-28 09:34:39.179476,df6dd5cb14bd19e193687f41
angelinajoliepics.com,AVAILABILITY,domains.list,domains.list,2022-01-28 09:34:39.659091,df6dd5cb14bd19e193687f41
angelsinuniform.com,AVAILABILITY,domains.list,domains.list,2022-01-28 09:34:40.248659,df6dd5cb14bd19e193687f41
anglewinks.com,AVAILABILITY,domains.list,domains.list,2022-01-28 09:34:41.801957,df6dd5cb14bd19e193687f41
animal-drawings.com,AVAILABILITY,domains.list,domains.list,2022-01-28 09:34:42.077167,df6dd5cb14bd19e193687f41
animal36.com,AVAILABILITY,domains.list,domains.list,2022-01-28 09:34:43.062064,df6dd5cb14bd19e193687f41
animalrank.com,AVAILABILITY,domains.list,domains.list,2022-01-28 09:34:44.201945,df6dd5cb14bd19e193687f41
animaltoplist.com,AVAILABILITY,domains.list,domains.list,2022-01-28 09:34:45.717445,df6dd5cb14bd19e193687f41
anmira.info,AVAILABILITY,domains.list,domains.list,2022-01-28 09:34:46.646801,df6dd5cb14bd19e193687f41
anrysys.popunder.ru,AVAILABILITY,domains.list,domains.list,2022-01-28 09:34:47.760440,df6dd5cb14bd19e193687f41
ant.com,AVAILABILITY,domains.list,domains.list,2022-01-28 09:34:49.619856,df6dd5cb14bd19e193687f41
antalya.ru,AVAILABILITY,domains.list,domains.list,2022-01-28 09:34:50.520357,df6dd5cb14bd19e193687f41
anticlown.com,AVAILABILITY,domains.list,domains.list,2022-01-28 09:34:51.005823,df6dd5cb14bd19e193687f41
antispyware.onlinedownloads.org,AVAILABILITY,domains.list,domains.list,2022-01-28 09:34:52.967191,df6dd5cb14bd19e193687f41
anycracks.com,AVAILABILITY,domains.list,domains.list,2022-01-28 09:34:53.532953,df6dd5cb14bd19e193687f41
anzanish.tripod.com,AVAILABILITY,domains.list,domains.list,2022-01-28 09:34:54.383194,df6dd5cb14bd19e193687f41
api.conduit.com,AVAILABILITY,domains.list,domains.list,2022-01-28 09:34:54.791740,df6dd5cb14bd19e193687f41
app.pho8.com,AVAILABILITY,domains.list,domains.list,2022-01-28 09:34:55.379134,df6dd5cb14bd19e193687f41
applets.sulekha.com,AVAILABILITY,domains.list,domains.list,2022-01-28 09:35:05.886561,df6dd5cb14bd19e193687f41
apps.clickcash.com,AVAILABILITY,domains.list,domains.list,2022-01-28 09:35:16.402177,df6dd5cb14bd19e193687f41
apps.nastydollars.com,AVAILABILITY,domains.list,domains.list,2022-01-28 09:35:18.156154,df6dd5cb14bd19e193687f41
aproxtrack2.com,AVAILABILITY,domains.list,domains.list,2022-01-28 09:35:27.818075,df6dd5cb14bd19e193687f41
arcadefree.com,AVAILABILITY,domains.list,domains.list,2022-01-28 09:35:28.259606,df6dd5cb14bd19e193687f41
areasnap.com,AVAILABILITY,domains.list,domains.list,2022-01-28 09:35:28.929364,df6dd5cb14bd19e193687f41
arkinsoftware.in,AVAILABILITY,domains.list,domains.list,2022-01-28 09:35:29.229441,df6dd5cb14bd19e193687f41
artcomix.com,AVAILABILITY,domains.list,domains.list,2022-01-28 09:35:30.011965,df6dd5cb14bd19e193687f41
ascentive.com,AVAILABILITY,domains.list,domains.list,2022-01-28 09:35:30.580036,df6dd5cb14bd19e193687f41
assets.ipcdigital.co.uk,AVAILABILITY,domains.list,domains.list,2022-01-28 09:35:31.210309,df6dd5cb14bd19e193687f41
asu.msmu.ru,AVAILABILITY,domains.list,domains.list,2022-01-28 09:35:41.991274,df6dd5cb14bd19e193687f41
atinna.com,AVAILABILITY,domains.list,domains.list,2022-01-28 09:35:42.475558,df6dd5cb14bd19e193687f41
atl.xmlsearch.miva.com,AVAILABILITY,domains.list,domains.list,2022-01-28 09:35:43.663476,df6dd5cb14bd19e193687f41
atmovs.com,AVAILABILITY,domains.list,domains.list,2022-01-28 09:35:44.067131,df6dd5cb14bd19e193687f41
atousoft.com,AVAILABILITY,domains.list,domains.list,2022-01-28 09:35:46.171097,df6dd5cb14bd19e193687f41
auctiondirectory.org,AVAILABILITY,domains.list,domains.list,2022-01-28 09:35:47.478440,df6dd5cb14bd19e193687f41
audia6.com,AVAILABILITY,domains.list,domains.list,2022-01-28 09:35:48.010407,df6dd5cb14bd19e193687f41
auto-overview.com,AVAILABILITY,domains.list,domains.list,2022-01-28 09:35:48.275472,df6dd5cb14bd19e193687f41
automoneygenerator.com,AVAILABILITY,domains.list,domains.list,2022-01-28 09:35:51.849628,df6dd5cb14bd19e193687f41
autonations.com,AVAILABILITY,domains.list,domains.list,2022-01-28 09:35:53.727388,df6dd5cb14bd19e193687f41
avis.cm,AVAILABILITY,domains.list,domains.list,2022-01-28 09:35:55.405388,df6dd5cb14bd19e193687f41
avrakougioumtzi.gr,AVAILABILITY,domains.list,domains.list,2022-01-28 09:35:57.447639,df6dd5cb14bd19e193687f41
avskype.com,AVAILABILITY,domains.list,domains.list,2022-01-28 09:35:57.979395,df6dd5cb14bd19e193687f41
b.nevadaprivateoffice.com,AVAILABILITY,domains.list,domains.list,2022-01-28 09:35:58.889171,df6dd5cb14bd19e193687f41
b.zeroredirect1.com,AVAILABILITY,domains.list,domains.list,2022-01-28 09:35:59.298586,df6dd5cb14bd19e193687f41
balakin.popunder.ru,AVAILABILITY,domains.list,domains.list,2022-01-28 09:35:59.961006,df6dd5cb14bd19e193687f41
balook.com,AVAILABILITY,domains.list,domains.list,2022-01-28 09:36:00.533070,df6dd5cb14bd19e193687f41
bananarepubic.com,AVAILABILITY,domains.list,domains.list,2022-01-28 09:36:01.780574,df6dd5cb14bd19e193687f41
banex.bikers-engine.com,AVAILABILITY,domains.list,domains.list,2022-01-28 09:36:02.054965,df6dd5cb14bd19e193687f41
bannanarepublic.com,AVAILABILITY,domains.list,domains.list,2022-01-28 09:36:03.541723,df6dd5cb14bd19e193687f41
banner.ambercoastcasino.com,AVAILABILITY,domains.list,domains.list,2022-01-28 09:36:13.872624,df6dd5cb14bd19e193687f41
banner.casinodelrio.com,AVAILABILITY,domains.list,domains.list,2022-01-28 09:36:14.635276,df6dd5cb14bd19e193687f41
banner.casinotropez.com,AVAILABILITY,domains.list,domains.list,2022-01-28 09:36:15.169077,df6dd5cb14bd19e193687f41
banner.clubdicecasino.com,AVAILABILITY,domains.list,domains.list,2022-01-28 09:36:15.729282,df6dd5cb14bd19e193687f41
banner.europacasino.com,AVAILABILITY,domains.list,domains.list,2022-01-28 09:36:16.260766,df6dd5cb14bd19e193687f41
banner.scasino.com,AVAILABILITY,domains.list,domains.list,2022-01-28 09:36:16.828112,df6dd5cb14bd19e193687f41
bannerpromotion.it,AVAILABILITY,domains.list,domains.list,2022-01-28 09:36:17.912884,df6dd5cb14bd19e193687f41
banners.direction-x.com,AVAILABILITY,domains.list,domains.list,2022-01-28 09:36:18.172048,df6dd5cb14bd19e193687f41
banners.getiton.com,AVAILABILITY,domains.list,domains.list,2022-01-28 09:36:19.282823,df6dd5cb14bd19e193687f41
banners.outpersonals.com,AVAILABILITY,domains.list,domains.list,2022-01-28 09:36:20.093088,df6dd5cb14bd19e193687f41
banners.perfectgonzo.com,AVAILABILITY,domains.list,domains.list,2022-01-28 09:36:30.441679,df6dd5cb14bd19e193687f41
banners.sublimedirectory.com,AVAILABILITY,domains.list,domains.list,2022-01-28 09:36:40.762918,df6dd5cb14bd19e193687f41
banners.toteme.com,AVAILABILITY,domains.list,domains.list,2022-01-28 09:36:42.532279,df6dd5cb14bd19e193687f41
banners.truecash.com,AVAILABILITY,domains.list,domains.list,2022-01-28 09:36:53.242142,df6dd5cb14bd19e193687f41
banners.videosz.com,AVAILABILITY,domains.list,domains.list,2022-01-28 09:36:53.686702,df6dd5cb14bd19e193687f41
banners.virtuagirlhd.com,AVAILABILITY,domains.list,domains.list,2022-01-28 09:36:54.617930,df6dd5cb14bd19e193687f41
banners.webcams.com,AVAILABILITY,domains.list,domains.list,2022-01-28 09:36:59.069158,df6dd5cb14bd19e193687f41
bannershotlink.perfectgonzo.com,AVAILABILITY,domains.list,domains.list,2022-01-28 09:37:09.502291,df6dd5cb14bd19e193687f41
bans.bride.ru,AVAILABILITY,domains.list,domains.list,2022-01-28 09:37:20.450307,df6dd5cb14bd19e193687f41
barafranca.iwarp.com,AVAILABILITY,domains.list,domains.list,2022-01-28 09:37:21.066493,df6dd5cb14bd19e193687f41
basterr.popunder.ru,AVAILABILITY,domains.list,domains.list,2022-01-28 09:37:22.168370,df6dd5cb14bd19e193687f41
bbn.img.com.ua,AVAILABILITY,domains.list,domains.list,2022-01-28 09:37:27.776961,df6dd5cb14bd19e193687f41
bbnaut.ibillboard.com,AVAILABILITY,domains.list,domains.list,2022-01-28 09:37:28.607928,df6dd5cb14bd19e193687f41
bbs.bjchun.com,AVAILABILITY,domains.list,domains.list,2022-01-28 09:37:29.230682,df6dd5cb14bd19e193687f41
bde3d.com,AVAILABILITY,domains.list,domains.list,2022-01-28 09:37:39.537138,df6dd5cb14bd19e193687f41
bdsmcompany.com,AVAILABILITY,domains.list,domains.list,2022-01-28 09:37:40.112454,df6dd5cb14bd19e193687f41
be-funk.com,AVAILABILITY,domains.list,domains.list,2022-01-28 09:37:40.373633,df6dd5cb14bd19e193687f41
beespace.com.ua,AVAILABILITY,domains.list,domains.list,2022-01-28 09:37:42.969321,df6dd5cb14bd19e193687f41
beldiplomcom.75.com1.ru,AVAILABILITY,domains.list,domains.list,2022-01-28 09:37:56.665003,df6dd5cb14bd19e193687f41
besstbuy.com,AVAILABILITY,domains.list,domains.list,2022-01-28 09:37:58.722158,df6dd5cb14bd19e193687f41
bestadbid.com,AVAILABILITY,domains.list,domains.list,2022-01-28 09:37:59.238780,df6dd5cb14bd19e193687f41
bestappinstalls.com,AVAILABILITY,domains.list,domains.list,2022-01-28 09:38:02.153100,df6dd5cb14bd19e193687f41
bestsearch.com,AVAILABILITY,domains.list,domains.list,2022-01-28 09:38:12.516495,df6dd5cb14bd19e193687f41
bestserials.com,AVAILABILITY,domains.list,domains.list,2022-01-28 09:38:12.926987,df6dd5cb14bd19e193687f41
bestwm.info,AVAILABILITY,domains.list,domains.list,2022-01-28 09:38:14.592172,df6dd5cb14bd19e193687f41
bighop.com,AVAILABILITY,domains.list,domains.list,2022-01-28 09:38:16.701718,df6dd5cb14bd19e193687f41
bigmart.com.np,AVAILABILITY,domains.list,domains.list,2022-01-28 09:38:27.714482,df6dd5cb14bd19e193687f41
bigpenisguide.com,AVAILABILITY,domains.list,domains.list,2022-01-28 09:38:31.184568,df6dd5cb14bd19e193687f41
bilbob.com,AVAILABILITY,domains.list,domains.list,2022-01-28 09:38:32.707098,df6dd5cb14bd19e193687f41
binadroid.com,AVAILABILITY,domains.list,domains.list,2022-01-28 09:38:43.058293,df6dd5cb14bd19e193687f41
bizbor.popunder.ru,AVAILABILITY,domains.list,domains.list,2022-01-28 09:38:43.552368,df6dd5cb14bd19e193687f41
bizneed.com,AVAILABILITY,domains.list,domains.list,2022-01-28 09:38:53.858242,df6dd5cb14bd19e193687f41
bj04.com,AVAILABILITY,domains.list,domains.list,2022-01-28 09:38:57.409016,df6dd5cb14bd19e193687f41
blackchek.popunder.ru,AVAILABILITY,domains.list,domains.list,2022-01-28 09:38:58.043497,df6dd5cb14bd19e193687f41
blog-hits.com,AVAILABILITY,domains.list,domains.list,2022-01-28 09:38:58.321154,df6dd5cb14bd19e193687f41
blogrankers.com,AVAILABILITY,domains.list,domains.list,2022-01-28 09:39:08.712308,df6dd5cb14bd19e193687f41
bluemountain1.com,AVAILABILITY,domains.list,domains.list,2022-01-28 09:39:09.342914,df6dd5cb14bd19e193687f41
bn.profiwin.de,AVAILABILITY,domains.list,domains.list,2022-01-28 09:39:12.198652,df6dd5cb14bd19e193687f41
boa-0918-verify-login-2014.icrb.cl,AVAILABILITY,domains.list,domains.list,2022-01-28 09:39:12.458224,df6dd5cb14bd19e193687f41
boattraider.com,AVAILABILITY,domains.list,domains.list,2022-01-28 09:39:13.983182,df6dd5cb14bd19e193687f41
bonzybuddy.com,AVAILABILITY,domains.list,domains.list,2022-01-28 09:39:15.041352,df6dd5cb14bd19e193687f41
boostsoftware.com,AVAILABILITY,domains.list,domains.list,2022-01-28 09:39:15.401315,df6dd5cb14bd19e193687f41
bormis.com,AVAILABILITY,domains.list,domains.list,2022-01-28 09:39:16.036946,df6dd5cb14bd19e193687f41
br.naked.com,AVAILABILITY,domains.list,domains.list,2022-01-28 09:39:26.348208,df6dd5cb14bd19e193687f41
bracalemusic.com,AVAILABILITY,domains.list,domains.list,2022-01-28 09:39:26.784427,df6dd5cb14bd19e193687f41
brainfox.com,AVAILABILITY,domains.list,domains.list,2022-01-28 09:39:30.379371,df6dd5cb14bd19e193687f41
brans.pl,AVAILABILITY,domains.list,domains.list,2022-01-28 09:39:45.928985,df6dd5cb14bd19e193687f41
brevardmusic.com,AVAILABILITY,domains.list,domains.list,2022-01-28 09:39:47.063061,df6dd5cb14bd19e193687f41
bride1.com,AVAILABILITY,domains.list,domains.list,2022-01-28 09:39:47.527604,df6dd5cb14bd19e193687f41
briebailey.tripod.com,AVAILABILITY,domains.list,domains.list,2022-01-28 09:39:48.374301,df6dd5cb14bd19e193687f41
browseraccelerator.com,AVAILABILITY,domains.list,domains.list,2022-01-28 09:39:48.740779,df6dd5cb14bd19e193687f41
buffalogoesout.com,AVAILABILITY,domains.list,domains.list,2022-01-28 09:39:49.611451,df6dd5cb14bd19e193687f41
bugera.popunder.ru,AVAILABILITY,domains.list,domains.list,2022-01-28 09:39:50.163043,df6dd5cb14bd19e193687f41
bulgariabg.com,AVAILABILITY,domains.list,domains.list,2022-01-28 09:39:51.215613,df6dd5cb14bd19e193687f41
bureau.co.il,AVAILABILITY,domains.list,domains.list,2022-01-28 09:40:02.176421,df6dd5cb14bd19e193687f41
buyingedge.com,AVAILABILITY,domains.list,domains.list,2022-01-28 09:40:02.861469,df6dd5cb14bd19e193687f41
bypasser.net,AVAILABILITY,domains.list,domains.list,2022-01-28 09:40:03.296194,df6dd5cb14bd19e193687f41
c.adclickthru.net,AVAILABILITY,domains.list,domains.list,2022-01-28 09:40:03.687970,df6dd5cb14bd19e193687f41
c.cfjump.com,AVAILABILITY,domains.list,domains.list,2022-01-28 09:40:05.598385,df6dd5cb14bd19e193687f41
c.cliop.com,AVAILABILITY,domains.list,domains.list,2022-01-28 09:40:06.183865,df6dd5cb14bd19e193687f41
c.us1.dyntrk.com,AVAILABILITY,domains.list,domains.list,2022-01-28 09:40:06.574177,df6dd5cb14bd19e193687f41
c.zeroredirect1.com,AVAILABILITY,domains.list,domains.list,2022-01-28 09:40:07.009292,df6dd5cb14bd19e193687f41
c2.clickprotects.com,AVAILABILITY,domains.list,domains.list,2022-01-28 09:40:07.512386,df6dd5cb14bd19e193687f41
c4.mysearch.com,AVAILABILITY,domains.list,domains.list,2022-01-28 09:40:17.829178,df6dd5cb14bd19e193687f41
cabeles.com,AVAILABILITY,domains.list,domains.list,2022-01-28 09:40:19.330373,df6dd5cb14bd19e193687f41
cachebanners.toteme.com,AVAILABILITY,domains.list,domains.list,2022-01-28 09:40:21.049502,df6dd5cb14bd19e193687f41
cadillacescalade.com,AVAILABILITY,domains.list,domains.list,2022-01-28 09:40:23.197442,df6dd5cb14bd19e193687f41
californiastateparks.com,AVAILABILITY,domains.list,domains.list,2022-01-28 09:40:23.895877,df6dd5cb14bd19e193687f41
calouskype.over-blog.com,AVAILABILITY,domains.list,domains.list,2022-01-28 09:40:24.155604,df6dd5cb14bd19e193687f41
calworthingtonford.com,AVAILABILITY,domains.list,domains.list,2022-01-28 09:40:25.125577,df6dd5cb14bd19e193687f41
campaigns.f2.com.au,AVAILABILITY,domains.list,domains.list,2022-01-28 09:40:35.793014,df6dd5cb14bd19e193687f41
candidography.com,AVAILABILITY,domains.list,domains.list,2022-01-28 09:40:36.206853,df6dd5cb14bd19e193687f41
carpediem.sv2.biz,AVAILABILITY,domains.list,domains.list,2022-01-28 09:40:37.221274,df6dd5cb14bd19e193687f41
caue971.org,AVAILABILITY,domains.list,domains.list,2022-01-28 09:40:38.576074,df6dd5cb14bd19e193687f41
cbanners.virtuagirlhd.com,AVAILABILITY,domains.list,domains.list,2022-01-28 09:40:39.550374,df6dd5cb14bd19e193687f41
cbtopsites.com,AVAILABILITY,domains.list,domains.list,2022-01-28 09:40:40.214352,df6dd5cb14bd19e193687f41
ccbilleu.com,AVAILABILITY,domains.list,domains.list,2022-01-28 09:40:41.189214,df6dd5cb14bd19e193687f41
cdiabetes.com,AVAILABILITY,domains.list,domains.list,2022-01-28 09:40:41.576033,df6dd5cb14bd19e193687f41
cdn.adtrace.org,AVAILABILITY,domains.list,domains.list,2022-01-28 09:40:42.154117,df6dd5cb14bd19e193687f41
cdn.ndparking.com,AVAILABILITY,domains.list,domains.list,2022-01-28 09:40:43.065751,df6dd5cb14bd19e193687f41
cdn1.clkoffers.com,AVAILABILITY,domains.list,domains.list,2022-01-28 09:40:45.106854,df6dd5cb14bd19e193687f41
cecash.com,AVAILABILITY,domains.list,domains.list,2022-01-28 09:40:55.459463,df6dd5cb14bd19e193687f41
centerfind.com,AVAILABILITY,domains.list,domains.list,2022-01-28 09:40:56.611197,df6dd5cb14bd19e193687f41
centertrk.com,AVAILABILITY,domains.list,domains.list,2022-01-28 09:40:57.077217,df6dd5cb14bd19e193687f41
centralwestwater.com.au,AVAILABILITY,domains.list,domains.list,2022-01-28 09:41:00.760075,df6dd5cb14bd19e193687f41
certified-toolbar.com,AVAILABILITY,domains.list,domains.list,2022-01-28 09:41:01.019152,df6dd5cb14bd19e193687f41
ceskarepublika.net,AVAILABILITY,domains.list,domains.list,2022-01-28 09:41:01.751534,df6dd5cb14bd19e193687f41
cgi-view-item-co-uk.xf.cz,AVAILABILITY,domains.list,domains.list,2022-01-28 09:41:02.028848,df6dd5cb14bd19e193687f41
chaseonline.com,AVAILABILITY,domains.list,domains.list,2022-01-28 09:41:02.620979,df6dd5cb14bd19e193687f41
chat.effectivebrand.com,AVAILABILITY,domains.list,domains.list,2022-01-28 09:41:13.122041,df6dd5cb14bd19e193687f41
chilyregistrycleaner.com,AVAILABILITY,domains.list,domains.list,2022-01-28 09:41:14.190374,df6dd5cb14bd19e193687f41
chlcotrk.com,AVAILABILITY,domains.list,domains.list,2022-01-28 09:41:14.507374,df6dd5cb14bd19e193687f41
chokertraffic.com,AVAILABILITY,domains.list,domains.list,2022-01-28 09:41:15.491700,df6dd5cb14bd19e193687f41
chuckfaganco.com,AVAILABILITY,domains.list,domains.list,2022-01-28 09:41:16.143836,df6dd5cb14bd19e193687f41
claitors.com,AVAILABILITY,domains.list,domains.list,2022-01-28 09:41:16.635442,df6dd5cb14bd19e193687f41
cle.kr,AVAILABILITY,domains.list,domains.list,2022-01-28 09:41:29.492271,df6dd5cb14bd19e193687f41
clean-cracks.com,AVAILABILITY,domains.list,domains.list,2022-01-28 09:41:29.765430,df6dd5cb14bd19e193687f41
clean-search.com,AVAILABILITY,domains.list,domains.list,2022-01-28 09:41:30.036128,df6dd5cb14bd19e193687f41
clean-space.com,AVAILABILITY,domains.list,domains.list,2022-01-28 09:41:30.302594,df6dd5cb14bd19e193687f41
cleanallspyware.com,AVAILABILITY,domains.list,domains.list,2022-01-28 09:41:30.875743,df6dd5cb14bd19e193687f41
cleanallvirus.com,AVAILABILITY,domains.list,domains.list,2022-01-28 09:41:31.172170,df6dd5cb14bd19e193687f41
cleanersoft.com,AVAILABILITY,domains.list,domains.list,2022-01-28 09:41:31.828053,df6dd5cb14bd19e193687f41
cleanmypc.com,AVAILABILITY,domains.list,domains.list,2022-01-28 09:41:37.287495,df6dd5cb14bd19e193687f41
cleanpcnow.com,AVAILABILITY,domains.list,domains.list,2022-01-28 09:41:38.114532,df6dd5cb14bd19e193687f41
cleanproxy.com,AVAILABILITY,domains.list,domains.list,2022-01-28 09:41:38.559192,df6dd5cb14bd19e193687f41
cleansearch.net,AVAILABILITY,domains.list,domains.list,2022-01-28 09:41:39.849245,df6dd5cb14bd19e193687f41
cleansite.us,AVAILABILITY,domains.list,domains.list,2022-01-28 09:41:40.847357,df6dd5cb14bd19e193687f41
cleansofts.com,AVAILABILITY,domains.list,domains.list,2022-01-28 09:41:51.160737,df6dd5cb14bd19e193687f41
cleanuninstall.com,AVAILABILITY,domains.list,domains.list,2022-01-28 09:41:51.654318,df6dd5cb14bd19e193687f41
click.adimmix.com,AVAILABILITY,domains.list,domains.list,2022-01-28 09:41:53.872475,df6dd5cb14bd19e193687f41
click.clktraker.com,AVAILABILITY,domains.list,domains.list,2022-01-28 09:41:54.392686,df6dd5cb14bd19e193687f41
click.dealshark.com,AVAILABILITY,domains.list,domains.list,2022-01-28 09:41:54.977754,df6dd5cb14bd19e193687f41
click.khingtracking.com,AVAILABILITY,domains.list,domains.list,2022-01-28 09:41:55.711186,df6dd5cb14bd19e193687f41
click.kidslivesafe.com,AVAILABILITY,domains.list,domains.list,2022-01-28 09:41:56.687136,df6dd5cb14bd19e193687f41
click.sellmeyourtraffic.com,AVAILABILITY,domains.list,domains.list,2022-01-28 09:41:57.013409,df6dd5cb14bd19e193687f41
click.silvercash.com,AVAILABILITY,domains.list,domains.list,2022-01-28 09:41:58.027015,df6dd5cb14bd19e193687f41
click.uamtrk.com,AVAILABILITY,domains.list,domains.list,2022-01-28 09:41:58.654394,df6dd5cb14bd19e193687f41
click.watchjmp.com,AVAILABILITY,domains.list,domains.list,2022-01-28 09:41:59.274490,df6dd5cb14bd19e193687f41
clickadu.com,AVAILABILITY,domains.list,domains.list,2022-01-28 09:42:00.567817,df6dd5cb14bd19e193687f41
clickcash.com,AVAILABILITY,domains.list,domains.list,2022-01-28 09:42:11.084925,df6dd5cb14bd19e193687f41
clicks.totemcash.com,AVAILABILITY,domains.list,domains.list,2022-01-28 09:42:13.100520,df6dd5cb14bd19e193687f41
clicksagent.com,AVAILABILITY,domains.list,domains.list,2022-01-28 09:42:14.371384,df6dd5cb14bd19e193687f41
clickthruserver.com,AVAILABILITY,domains.list,domains.list,2022-01-28 09:42:15.496753,df6dd5cb14bd19e193687f41
client.browseraccelerator.com,AVAILABILITY,domains.list,domains.list,2022-01-28 09:42:16.022107,df6dd5cb14bd19e193687f41
clik2008.popunder.ru,AVAILABILITY,domains.list,domains.list,2022-01-28 09:42:16.598609,df6dd5cb14bd19e193687f41
cliop.com,AVAILABILITY,domains.list,domains.list,2022-01-28 09:42:17.136917,df6dd5cb14bd19e193687f41
clkfeed.com,AVAILABILITY,domains.list,domains.list,2022-01-28 09:42:17.662820,df6dd5cb14bd19e193687f41
clkoffers.com,AVAILABILITY,domains.list,domains.list,2022-01-28 09:42:18.184298,df6dd5cb14bd19e193687f41
clksite.com,AVAILABILITY,domains.list,domains.list,2022-01-28 09:42:18.661487,df6dd5cb14bd19e193687f41
cloudtracked.com,AVAILABILITY,domains.list,domains.list,2022-01-28 09:42:20.279961,df6dd5cb14bd19e193687f41
clxcaf.com,AVAILABILITY,domains.list,domains.list,2022-01-28 09:42:20.660674,df6dd5cb14bd19e193687f41
cm.myway.com,AVAILABILITY,domains.list,domains.list,2022-01-28 09:42:30.979413,df6dd5cb14bd19e193687f41
cm.need2find.com,AVAILABILITY,domains.list,domains.list,2022-01-28 09:42:41.318545,df6dd5cb14bd19e193687f41
cnbnews.com,AVAILABILITY,domains.list,domains.list,2022-01-28 09:42:52.501977,df6dd5cb14bd19e193687f41
cnn.cm,AVAILABILITY,domains.list,domains.list,2022-01-28 09:42:53.503497,df6dd5cb14bd19e193687f41
cnnnew.com,AVAILABILITY,domains.list,domains.list,2022-01-28 09:42:54.043863,df6dd5cb14bd19e193687f41
cogivea.com,AVAILABILITY,domains.list,domains.list,2022-01-28 09:42:55.441906,df6dd5cb14bd19e193687f41
coldwellbanker.net,AVAILABILITY,domains.list,domains.list,2022-01-28 09:42:55.832634,df6dd5cb14bd19e193687f41
collect-us-east-1.tealiumiq.com,AVAILABILITY,domains.list,domains.list,2022-01-28 09:42:56.090226,df6dd5cb14bd19e193687f41
collectiable.com,AVAILABILITY,domains.list,domains.list,2022-01-28 09:42:58.787123,df6dd5cb14bd19e193687f41
collector-1054.tvsquared.com,AVAILABILITY,domains.list,domains.list,2022-01-28 09:42:59.072016,df6dd5cb14bd19e193687f41
collector-pxel3l4xih.perimeterx.net,AVAILABILITY,domains.list,domains.list,2022-01-28 09:42:59.336567,df6dd5cb14bd19e193687f41
collector.leaddyno.com,AVAILABILITY,domains.list,domains.list,2022-01-28 09:42:59.714212,df6dd5cb14bd19e193687f41
columbahouse.com,AVAILABILITY,domains.list,domains.list,2022-01-28 09:43:00.014487,df6dd5cb14bd19e193687f41
columbianhouse.com,AVAILABILITY,domains.list,domains.list,2022-01-28 09:43:05.778551,df6dd5cb14bd19e193687f41
comairairlines.com,AVAILABILITY,domains.list,domains.list,2022-01-28 09:43:06.505344,df6dd5cb14bd19e193687f41
comfz.com,AVAILABILITY,domains.list,domains.list,2022-01-28 09:43:08.522841,df6dd5cb14bd19e193687f41
conds.ru,AVAILABILITY,domains.list,domains.list,2022-01-28 09:43:09.784897,df6dd5cb14bd19e193687f41
conduit.com,AVAILABILITY,domains.list,domains.list,2022-01-28 09:43:10.091541,df6dd5cb14bd19e193687f41
consumeralternatives.org,AVAILABILITY,domains.list,domains.list,2022-01-28 09:43:10.576714,df6dd5cb14bd19e193687f41
contentcleaner.com,AVAILABILITY,domains.list,domains.list,2022-01-28 09:43:11.208569,df6dd5cb14bd19e193687f41
contniental.com,AVAILABILITY,domains.list,domains.list,2022-01-28 09:43:11.546376,df6dd5cb14bd19e193687f41
conversion.7search.com,AVAILABILITY,domains.list,domains.list,2022-01-28 09:43:11.888228,df6dd5cb14bd19e193687f41
coolfreehost.com,AVAILABILITY,domains.list,domains.list,2022-01-28 09:43:22.232555,df6dd5cb14bd19e193687f41
core.adunity.com,AVAILABILITY,domains.list,domains.list,2022-01-28 09:43:24.749142,df6dd5cb14bd19e193687f41
coreclickhoo.com,AVAILABILITY,domains.list,domains.list,2022-01-28 09:43:26.193332,df6dd5cb14bd19e193687f41
cpaclickoffer.com,AVAILABILITY,domains.list,domains.list,2022-01-28 09:43:26.858979,df6dd5cb14bd19e193687f41
cpatraffictracker.com,AVAILABILITY,domains.list,domains.list,2022-01-28 09:43:27.162387,df6dd5cb14bd19e193687f41
cpaway.afftrack.com,AVAILABILITY,domains.list,domains.list,2022-01-28 09:43:27.776090,df6dd5cb14bd19e193687f41
crackfulldownload.com,AVAILABILITY,domains.list,domains.list,2022-01-28 09:43:28.218333,df6dd5cb14bd19e193687f41
crackguru.tk,AVAILABILITY,domains.list,domains.list,2022-01-28 09:43:28.960896,df6dd5cb14bd19e193687f41
crackspider.net,AVAILABILITY,domains.list,domains.list,2022-01-28 09:43:29.605928,df6dd5cb14bd19e193687f41
cracksplanet.com,AVAILABILITY,domains.list,domains.list,2022-01-28 09:43:30.433496,df6dd5cb14bd19e193687f41
crackzplanet.com,AVAILABILITY,domains.list,domains.list,2022-01-28 09:43:31.252967,df6dd5cb14bd19e193687f41
crazyprotocol.com,AVAILABILITY,domains.list,domains.list,2022-01-28 09:43:41.567685,df6dd5cb14bd19e193687f41
create.lidstatic.com,AVAILABILITY,domains.list,domains.list,2022-01-28 09:43:41.995159,df6dd5cb14bd19e193687f41
creative.nscash.com,AVAILABILITY,domains.list,domains.list,2022-01-28 09:43:52.319787,df6dd5cb14bd19e193687f41
creatives.livejasmin.com,AVAILABILITY,domains.list,domains.list,2022-01-28 09:43:52.978481,df6dd5cb14bd19e193687f41
cs.luckyorange.net,AVAILABILITY,domains.list,domains.list,2022-01-28 09:43:53.391273,df6dd5cb14bd19e193687f41
cswilliamsburg.com,AVAILABILITY,domains.list,domains.list,2022-01-28 09:43:56.823587,df6dd5cb14bd19e193687f41
ctibank.com,AVAILABILITY,domains.list,domains.list,2022-01-28 09:43:57.225321,df6dd5cb14bd19e193687f41
ctrck.com,AVAILABILITY,domains.list,domains.list,2022-01-28 09:43:57.603348,df6dd5cb14bd19e193687f41
customersupporthelp.com,AVAILABILITY,domains.list,domains.list,2022-01-28 09:43:59.133202,df6dd5cb14bd19e193687f41
cybermecca.com,AVAILABILITY,domains.list,domains.list,2022-01-28 09:43:59.692532,df6dd5cb14bd19e193687f41
cybertown.ru,AVAILABILITY,domains.list,domains.list,2022-01-28 09:44:10.773072,df6dd5cb14bd19e193687f41
cyberzine.com,AVAILABILITY,domains.list,domains.list,2022-01-28 09:44:11.260965,df6dd5cb14bd19e193687f41
cybilling.com,AVAILABILITY,domains.list,domains.list,2022-01-28 09:44:12.836195,df6dd5cb14bd19e193687f41
cz11.clickzzs.nl,AVAILABILITY,domains.list,domains.list,2022-01-28 09:44:13.296020,df6dd5cb14bd19e193687f41
cz4.clickzzs.nl,AVAILABILITY,domains.list,domains.list,2022-01-28 09:44:13.777332,df6dd5cb14bd19e193687f41
cz5.clickzzs.nl,AVAILABILITY,domains.list,domains.list,2022-01-28 09:44:14.197208,df6dd5cb14bd19e193687f41
cz7.clickzzs.nl,AVAILABILITY,domains.list,domains.list,2022-01-28 09:44:14.561313,df6dd5cb14bd19e193687f41
cz8.clickzzs.nl,AVAILABILITY,domains.list,domains.list,2022-01-28 09:44:14.956399,df6dd5cb14bd19e193687f41
d1.kuai8.com,AVAILABILITY,domains.list,domains.list,2022-01-28 09:44:16.946592,df6dd5cb14bd19e193687f41
dance-alarm.de,AVAILABILITY,domains.list,domains.list,2022-01-28 09:44:17.217323,df6dd5cb14bd19e193687f41
darseo.popunder.ru,AVAILABILITY,domains.list,domains.list,2022-01-28 09:44:17.749387,df6dd5cb14bd19e193687f41
demo.vertexinfo.in,AVAILABILITY,domains.list,domains.list,2022-01-28 09:44:26.739108,df6dd5cb14bd19e193687f41
dentairemalin.com,AVAILABILITY,domains.list,domains.list,2022-01-28 09:44:28.794408,df6dd5cb14bd19e193687f41
digiaquascr.com,AVAILABILITY,domains.list,domains.list,2022-01-28 09:44:29.802298,df6dd5cb14bd19e193687f41
dimarsbg.com,AVAILABILITY,domains.list,domains.list,2022-01-28 09:44:31.942428,df6dd5cb14bd19e193687f41
directxex.com,AVAILABILITY,domains.list,domains.list,2022-01-28 09:44:32.748921,df6dd5cb14bd19e193687f41
dirtyje.ws,AVAILABILITY,domains.list,domains.list,2022-01-28 09:44:43.259595,df6dd5cb14bd19e193687f41
distribuidoraderetentores.com.br,AVAILABILITY,domains.list,domains.list,2022-01-28 09:44:43.876518,df6dd5cb14bd19e193687f41
distrilamadrid.com.ar,AVAILABILITY,domains.list,domains.list,2022-01-28 09:44:49.779800,df6dd5cb14bd19e193687f41
divx.it,AVAILABILITY,domains.list,domains.list,2022-01-28 09:45:01.994215,df6dd5cb14bd19e193687f41
djeps.popunder.ru,AVAILABILITY,domains.list,domains.list,2022-01-28 09:45:02.703218,df6dd5cb14bd19e193687f41
djsrp.com,AVAILABILITY,domains.list,domains.list,2022-01-28 09:45:03.271692,df6dd5cb14bd19e193687f41
djwnatural.go2cloud.org,AVAILABILITY,domains.list,domains.list,2022-01-28 09:45:03.947512,df6dd5cb14bd19e193687f41
dl.gameplaylabs.com,AVAILABILITY,domains.list,domains.list,2022-01-28 09:45:04.475733,df6dd5cb14bd19e193687f41
dl.heima8.com,AVAILABILITY,domains.list,domains.list,2022-01-28 09:45:05.701103,df6dd5cb14bd19e193687f41
dmp.gravity4.com,AVAILABILITY,domains.list,domains.list,2022-01-28 09:45:06.217018,df6dd5cb14bd19e193687f41
doctor-alex.com,AVAILABILITY,domains.list,domains.list,2022-01-28 09:45:06.490106,df6dd5cb14bd19e193687f41
dodian.site50.net,AVAILABILITY,domains.list,domains.list,2022-01-28 09:45:07.372270,df6dd5cb14bd19e193687f41
dodostats.com,AVAILABILITY,domains.list,domains.list,2022-01-28 09:45:18.135980,df6dd5cb14bd19e193687f41
dogpial.com,AVAILABILITY,domains.list,domains.list,2022-01-28 09:45:18.568546,df6dd5cb14bd19e193687f41
doheth.co.uk,AVAILABILITY,domains.list,domains.list,2022-01-28 09:45:19.070948,df6dd5cb14bd19e193687f41
dollarrentcar.com,AVAILABILITY,domains.list,domains.list,2022-01-28 09:45:19.678099,df6dd5cb14bd19e193687f41
domainfwd.com,AVAILABILITY,domains.list,domains.list,2022-01-28 09:45:20.231552,df6dd5cb14bd19e193687f41
domainfwding.com,AVAILABILITY,domains.list,domains.list,2022-01-28 09:45:20.770556,df6dd5cb14bd19e193687f41
dotzup.com,AVAILABILITY,domains.list,domains.list,2022-01-28 09:45:21.386208,df6dd5cb14bd19e193687f41
dougmlee.com,AVAILABILITY,domains.list,domains.list,2022-01-28 09:45:22.100306,df6dd5cb14bd19e193687f41
dowdenphotography.com,AVAILABILITY,domains.list,domains.list,2022-01-28 09:45:22.884320,df6dd5cb14bd19e193687f41
down.feiyang163.com,AVAILABILITY,domains.list,domains.list,2022-01-28 09:45:28.590406,df6dd5cb14bd19e193687f41
down1oads.com,AVAILABILITY,domains.list,domains.list,2022-01-28 09:45:29.077993,df6dd5cb14bd19e193687f41
down2.feiyang163.com,AVAILABILITY,domains.list,domains.list,2022-01-28 09:45:34.860671,df6dd5cb14bd19e193687f41
down3.feiyang163.com,AVAILABILITY,domains.list,domains.list,2022-01-28 09:45:42.222986,df6dd5cb14bd19e193687f41
download.56.com,AVAILABILITY,domains.list,domains.list,2022-01-28 09:45:59.830089,df6dd5cb14bd19e193687f41
download.browseraccelerator.com,AVAILABILITY,domains.list,domains.list,2022-01-28 09:46:00.334940,df6dd5cb14bd19e193687f41
download.cdn.sharelive.net,AVAILABILITY,domains.list,domains.list,2022-01-28 09:46:02.873029,df6dd5cb14bd19e193687f41
download.fyxm.net,AVAILABILITY,domains.list,domains.list,2022-01-28 09:46:04.459464,df6dd5cb14bd19e193687f41
download.grandcloud.cn,AVAILABILITY,domains.list,domains.list,2022-01-28 09:46:15.178172,df6dd5cb14bd19e193687f41
