idna_subject,checker_type,destination,tested_at
bbs.bjchun.com,AVAILABILITY,domains.list,2022-01-22 04:36:08.473158
www.jcwhintey.com,AVAILABILITY,domains.list,2022-01-22 06:01:22.900008
app.software-phile.com,AVAILABILITY,domains.list,2022-01-22 06:28:55.419969
errornuker.software-phile.com,AVAILABILITY,domains.list,2022-01-22 06:28:55.779186
regclean.software-phile.com,AVAILABILITY,domains.list,2022-01-22 06:28:56.145222
regcure.software-phile.com,AVAILABILITY,domains.list,2022-01-22 06:28:56.459834
www.forex-instruments.info,AVAILABILITY,domains.list,2022-01-22 06:28:58.064254
www.unrealcommander.biz,AVAILABILITY,domains.list,2022-01-22 06:28:58.377389
www.i-games.biz,AVAILABILITY,domains.list,2022-01-22 06:28:58.777225
www.winaproduct.com,AVAILABILITY,domains.list,2022-01-22 06:28:59.104739
fr.mediaplayercodecpack.com,AVAILABILITY,domains.list,2022-01-22 06:28:59.662941
nl.mediaplayercodecpack.com,AVAILABILITY,domains.list,2022-01-22 06:29:00.143624
uk.mediaplayercodecpack.com,AVAILABILITY,domains.list,2022-01-22 06:29:00.738703
www.sompuserve.com,AVAILABILITY,domains.list,2022-01-22 06:29:01.125942
id.get35.com,AVAILABILITY,domains.list,2022-01-22 06:29:01.485219
promo.content.premiumpass.com,AVAILABILITY,domains.list,2022-01-22 06:29:01.894603
www.ad-souk.com,AVAILABILITY,domains.list,2022-01-22 06:29:02.204710
www.neki.org,AVAILABILITY,domains.list,2022-01-22 06:29:16.308587
www.sevenstars7.com,AVAILABILITY,domains.list,2022-01-22 06:29:16.740514
www.sj88.com,AVAILABILITY,domains.list,2022-01-22 06:29:20.264064
in.joinourwebsite.com,AVAILABILITY,domains.list,2022-01-22 06:29:20.721566
www.onlineadmin.net,AVAILABILITY,domains.list,2022-01-22 06:29:21.102531
v2.urlads.net,AVAILABILITY,domains.list,2022-01-22 06:29:21.532675
www.cheapticketts.com,AVAILABILITY,domains.list,2022-01-22 06:30:21.869649
www.dlldlldll.sytes.net,AVAILABILITY,domains.list,2022-01-22 06:30:22.178761
www.doda.redirectme.net,AVAILABILITY,domains.list,2022-01-22 06:30:22.519489
www.ecdtrk.com,AVAILABILITY,domains.list,2022-01-22 06:30:22.913027
www.eclean.or.kr,AVAILABILITY,domains.list,2022-01-22 06:30:24.235672
www.elisaart.it,AVAILABILITY,domains.list,2022-01-22 06:30:26.356874
www.cheapticktes.com,AVAILABILITY,domains.list,2022-01-22 06:31:45.133191
www.epmclk.com,AVAILABILITY,domains.list,2022-01-22 06:31:45.756629
www.fastdownload10.com,AVAILABILITY,domains.list,2022-01-22 06:31:46.077772
www.fastnclick.com,AVAILABILITY,domains.list,2022-01-22 06:31:46.444455
www.fecabook.redirectme.net,AVAILABILITY,domains.list,2022-01-22 06:31:46.815277
www.femeedia.com,AVAILABILITY,domains.list,2022-01-22 06:31:47.204351
www.finders.hopto.org,AVAILABILITY,domains.list,2022-01-22 06:31:47.540063
www.fsl.sytes.net,AVAILABILITY,domains.list,2022-01-22 06:31:47.823081
www.full-edition.info,AVAILABILITY,domains.list,2022-01-22 06:31:48.389441
www.getsearchlist.com,AVAILABILITY,domains.list,2022-01-22 06:31:48.716980
www.googlre.com,AVAILABILITY,domains.list,2022-01-22 06:31:49.057520
www.gratisweb.com,AVAILABILITY,domains.list,2022-01-22 06:31:49.691161
www.gxplugin.com,AVAILABILITY,domains.list,2022-01-22 06:31:50.963078
www.hackairtel.tk,AVAILABILITY,domains.list,2022-01-22 06:31:52.329699
www.hacking-facebook.com,AVAILABILITY,domains.list,2022-01-22 06:31:52.675718
www.haartezenglish.redirectme.net,AVAILABILITY,domains.list,2022-01-22 06:31:52.956185
www.handlerhackz.tk,AVAILABILITY,domains.list,2022-01-22 06:31:55.017011
www.hapjes-maken.eu,AVAILABILITY,domains.list,2022-01-22 06:31:55.355137
www.havijrat.zapto.org,AVAILABILITY,domains.list,2022-01-22 06:31:55.630670
www.hira.hopto.org,AVAILABILITY,domains.list,2022-01-22 06:31:55.973832
www.hitwastedgarden.com,AVAILABILITY,domains.list,2022-01-22 06:31:56.305095
www.hot2015rewards.com,AVAILABILITY,domains.list,2022-01-22 06:31:56.613498
www.ibmvideo.com,AVAILABILITY,domains.list,2022-01-22 06:31:56.994934
www.itunesdownloadstore.com,AVAILABILITY,domains.list,2022-01-22 06:31:57.349250
www.japanmadchen.com,AVAILABILITY,domains.list,2022-01-22 06:31:57.692995
www.jmp2click.com,AVAILABILITY,domains.list,2022-01-22 06:31:58.062559
www.jn.redirectme.net,AVAILABILITY,domains.list,2022-01-22 06:31:58.470800
www.jque.net,AVAILABILITY,domains.list,2022-01-22 06:31:58.807842
www.justredirect24.com,AVAILABILITY,domains.list,2022-01-22 06:31:59.149526
www.leadingedgecash.com,AVAILABILITY,domains.list,2022-01-22 06:31:59.789037
www.lennoxcollections.com,AVAILABILITY,domains.list,2022-01-22 06:32:00.087555
www.letzonke.com,AVAILABILITY,domains.list,2022-01-22 06:32:00.427319
www.lifeeverest.com,AVAILABILITY,domains.list,2022-01-22 06:32:00.793752
www.lilian.redirectme.net,AVAILABILITY,domains.list,2022-01-22 06:32:01.113530
www.littlesturgisrally.com,AVAILABILITY,domains.list,2022-01-22 06:32:01.449769
www.lo2.me,AVAILABILITY,domains.list,2022-01-22 06:32:02.115307
www.lycosgamesville.com,AVAILABILITY,domains.list,2022-01-22 06:32:02.465878
www.m57ku6sm.com,AVAILABILITY,domains.list,2022-01-22 06:32:04.058308
www.maconbraves.com,AVAILABILITY,domains.list,2022-01-22 06:32:04.457310
www.mapqueat.com,AVAILABILITY,domains.list,2022-01-22 06:32:04.960803
www.mapquestt.com,AVAILABILITY,domains.list,2022-01-22 06:32:05.442371
www.maxregistrycleaner.net,AVAILABILITY,domains.list,2022-01-22 06:32:05.748257
www.maybankard.com.my,AVAILABILITY,domains.list,2022-01-22 06:32:06.035993
www.mesopotemia222.zapto.org,AVAILABILITY,domains.list,2022-01-22 06:32:06.310477
www.microsofto.sytes.net,AVAILABILITY,domains.list,2022-01-22 06:32:06.627886
www.minigameplanet.com,AVAILABILITY,domains.list,2022-01-22 06:32:06.982693
www.mlinktracker.com,AVAILABILITY,domains.list,2022-01-22 06:32:07.353712
www.mlpoint.pt,AVAILABILITY,domains.list,2022-01-22 06:32:08.203163
www.monetisetrk2.co.uk,AVAILABILITY,domains.list,2022-01-22 06:32:09.034638
www.monetisetrk3.co.uk,AVAILABILITY,domains.list,2022-01-22 06:32:14.668754
www.monetisetrk4.co.uk,AVAILABILITY,domains.list,2022-01-22 06:32:15.378564
www.monetisetrk5.co.uk,AVAILABILITY,domains.list,2022-01-22 06:32:15.860255
www.monetisetrk6.co.uk,AVAILABILITY,domains.list,2022-01-22 06:32:16.459170
www.monetisetrk.co.uk,AVAILABILITY,domains.list,2022-01-22 06:32:17.157375
www.monarchslo.com,AVAILABILITY,domains.list,2022-01-22 06:32:17.482741
www.mpmotrk.com,AVAILABILITY,domains.list,2022-01-22 06:32:17.825850
www.mpxxtrk.com,AVAILABILITY,domains.list,2022-01-22 06:32:18.147459
www.mrace.hopto.org,AVAILABILITY,domains.list,2022-01-22 06:32:18.471909
www.my-pc-cleaner.org,AVAILABILITY,domains.list,2022-01-22 06:32:22.586807
www.naijahacklord.tk,AVAILABILITY,domains.list,2022-01-22 06:32:29.003260
www.heaptickets.com,AVAILABILITY,domains.list,2022-01-22 06:33:39.325144
www.nkgamers.com,AVAILABILITY,domains.list,2022-01-22 06:33:39.945743
www.noredirecto.redirectme.net,AVAILABILITY,domains.list,2022-01-22 06:33:40.335831
www.mycleanerpc.com,AVAILABILITY,domains.list,2022-01-22 06:33:40.795751
www.ocpersian.com,AVAILABILITY,domains.list,2022-01-22 06:33:41.425627
www.oneund.ru,AVAILABILITY,domains.list,2022-01-22 06:33:42.315551
www.notrecommended.co.uk,AVAILABILITY,domains.list,2022-01-22 06:33:57.358082
www.orango.redirectme.net,AVAILABILITY,domains.list,2022-01-22 06:33:57.659373
www.paypal-exchange.com,AVAILABILITY,domains.list,2022-01-22 06:33:57.968100
www.pc-detox.com,AVAILABILITY,domains.list,2022-01-22 06:33:58.274090
www.pcregistrycleaner.com,AVAILABILITY,domains.list,2022-01-22 06:33:59.827456
www.qikdownloads.com,AVAILABILITY,domains.list,2022-01-22 06:34:00.175135
www.quickbitsdownloads.com,AVAILABILITY,domains.list,2022-01-22 06:34:00.503870
www.rahulthehacker.tk,AVAILABILITY,domains.list,2022-01-22 06:34:02.300794
www.orbiyz.com,AVAILABILITY,domains.list,2022-01-22 06:35:22.635910
www.redirectlnk.redirectme.net,AVAILABILITY,domains.list,2022-01-22 06:35:23.145123
www.registrycleanerpro.net,AVAILABILITY,domains.list,2022-01-22 06:35:23.485282
www.rngetek.com,AVAILABILITY,domains.list,2022-01-22 06:35:24.012807
www.samvaulter.com,AVAILABILITY,domains.list,2022-01-22 06:35:24.369834
www.scanspyware.net,AVAILABILITY,domains.list,2022-01-22 06:35:28.442270
www.searchatomic.com,AVAILABILITY,domains.list,2022-01-22 06:35:28.743041
www.sendori.com,AVAILABILITY,domains.list,2022-01-22 06:35:29.044103
www.ships.zapto.org,AVAILABILITY,domains.list,2022-01-22 06:35:29.437207
www.shareaza.com,AVAILABILITY,domains.list,2022-01-22 06:35:43.941245
www.softwareupdaterlp.com,AVAILABILITY,domains.list,2022-01-22 06:35:44.270046
www.stignita.zapto.org,AVAILABILITY,domains.list,2022-01-22 06:35:44.552179
www.stressx.org,AVAILABILITY,domains.list,2022-01-22 06:35:45.467313
www.sunidaytravel.co.uk,AVAILABILITY,domains.list,2022-01-22 06:35:46.006995
www.tcgtrkr.com,AVAILABILITY,domains.list,2022-01-22 06:35:46.419031
www.theads.me,AVAILABILITY,domains.list,2022-01-22 06:35:46.775593
download.cdn.torchbrowser.com,AVAILABILITY,domains.list,2022-01-22 06:35:47.231814
lp.torchbrowser.com,AVAILABILITY,domains.list,2022-01-22 06:35:47.607088
www.web-feed.net,AVAILABILITY,domains.list,2022-01-22 06:35:47.913374
ias.avidmedia.net,AVAILABILITY,domains.list,2022-01-22 06:35:48.231800
www.webservis.gen.tr,AVAILABILITY,domains.list,2022-01-22 06:35:59.663344
ads.ztod.com,AVAILABILITY,domains.list,2022-01-22 06:36:00.013111
banners.ztod.com,AVAILABILITY,domains.list,2022-01-22 06:36:00.343574
banners.thirdmovies.com,AVAILABILITY,domains.list,2022-01-22 06:36:00.695903
downloads.pcsecurityshield.com,AVAILABILITY,domains.list,2022-01-22 06:36:13.355361
pfcuay.o-f.com,AVAILABILITY,domains.list,2022-01-22 06:36:14.849548
scrollingads.hustlermegapass.com,AVAILABILITY,domains.list,2022-01-22 06:36:15.190405
www.registry-error-cleaner.com,AVAILABILITY,domains.list,2022-01-22 06:36:15.529062
www.xclicks.net,AVAILABILITY,domains.list,2022-01-22 06:36:15.878344
x2.xclicks.net,AVAILABILITY,domains.list,2022-01-22 06:36:16.264577
x3.xclicks.net,AVAILABILITY,domains.list,2022-01-22 06:36:16.587972
x4.xclicks.net,AVAILABILITY,domains.list,2022-01-22 06:36:16.949856
x5.xclicks.net,AVAILABILITY,domains.list,2022-01-22 06:36:17.318083
x6.xclicks.net,AVAILABILITY,domains.list,2022-01-22 06:36:17.599415
www.columbahouse.com,AVAILABILITY,domains.list,2022-01-22 06:36:17.951283
www.arkinsoftware.in,AVAILABILITY,domains.list,2022-01-22 06:36:18.323493
image.cecash.com,AVAILABILITY,domains.list,2022-01-22 06:37:21.895233
image1.cecash.com,AVAILABILITY,domains.list,2022-01-22 06:38:22.215336
tats.cecash.com,AVAILABILITY,domains.list,2022-01-22 06:39:04.327234
www.yrals.com,AVAILABILITY,domains.list,2022-01-22 06:43:45.514542
www.google-docs.org,AVAILABILITY,domains.list,2022-01-22 06:44:45.864607
www.wwwplaysite.com,AVAILABILITY,domains.list,2022-01-22 06:44:46.380411
www.wwwadultcheck.com,AVAILABILITY,domains.list,2022-01-22 06:44:46.885469
zd1.zeroredirect6.com,AVAILABILITY,domains.list,2022-01-22 06:44:47.392857
www.thebighits.com,AVAILABILITY,domains.list,2022-01-22 06:45:02.637650
www.thenewupdatee.redirectme.net,AVAILABILITY,domains.list,2022-01-22 06:45:03.147107
www.registry-cleaners-compared.com,AVAILABILITY,domains.list,2022-01-22 06:46:03.538206
www.tracki112.com,AVAILABILITY,domains.list,2022-01-22 06:46:04.050000
www.travlers.com,AVAILABILITY,domains.list,2022-01-22 06:46:04.654583
www.triplequadturbo.com,AVAILABILITY,domains.list,2022-01-22 06:46:05.186018
www.tttbbbttt.zapto.org,AVAILABILITY,domains.list,2022-01-22 06:46:05.927900
www.tuckows.com,AVAILABILITY,domains.list,2022-01-22 06:46:06.435279
www.tzw.com,AVAILABILITY,domains.list,2022-01-22 06:46:10.072819
www.updatesoftwaresend.com,AVAILABILITY,domains.list,2022-01-22 06:46:10.550300
www.uprour.com,AVAILABILITY,domains.list,2022-01-22 06:46:11.011060
www.vclicks.net,AVAILABILITY,domains.list,2022-01-22 06:46:11.610645
www.urchman11.zapto.org,AVAILABILITY,domains.list,2022-01-22 06:46:12.317673
www.vyrus.redirectme.net,AVAILABILITY,domains.list,2022-01-22 06:46:12.798831
www.wwwbackstreetboys.com,AVAILABILITY,domains.list,2022-01-22 06:46:13.258826
www.wwwcareerpath.com,AVAILABILITY,domains.list,2022-01-22 06:46:13.772944
www.wwwdiynet.com,AVAILABILITY,domains.list,2022-01-22 06:46:14.279058
www.wwwgamepro.com,AVAILABILITY,domains.list,2022-01-22 06:46:14.769662
www.wwwgameshark.com,AVAILABILITY,domains.list,2022-01-22 06:46:15.285171
www.wwwmancow.com,AVAILABILITY,domains.list,2022-01-22 06:46:15.815356
www.wwwservicemerchandise.com,AVAILABILITY,domains.list,2022-01-22 06:46:16.360019
www.wwwuproar.com,AVAILABILITY,domains.list,2022-01-22 06:46:16.847267
www.xchangetrak.com,AVAILABILITY,domains.list,2022-01-22 06:46:17.363335
www.x-diesel.info,AVAILABILITY,domains.list,2022-01-22 06:46:18.230537
www.sijmp.com,AVAILABILITY,domains.list,2022-01-22 06:46:18.779169
www.xvika.org,AVAILABILITY,domains.list,2022-01-22 06:46:19.612040
www.xsedu.zj.cn,AVAILABILITY,domains.list,2022-01-22 06:46:22.572348
www.xxxxxxx.hopto.org,AVAILABILITY,domains.list,2022-01-22 06:46:22.959531
www.yourdedicatedhost.com,AVAILABILITY,domains.list,2022-01-22 06:46:23.495971
www.zoogdiseny.com,AVAILABILITY,domains.list,2022-01-22 06:46:24.087998
www.zoogdisny.com,AVAILABILITY,domains.list,2022-01-22 06:46:24.580354
wwwbackstreetboys.com,AVAILABILITY,domains.list,2022-01-22 06:46:25.243222
wwwcareerpath.com,AVAILABILITY,domains.list,2022-01-22 06:46:25.716025
wwwdiynet.com,AVAILABILITY,domains.list,2022-01-22 06:46:26.238925
wwwgameshark.com,AVAILABILITY,domains.list,2022-01-22 06:46:26.760294
wwwmancow.com,AVAILABILITY,domains.list,2022-01-22 06:46:27.251015
wwwuproar.com,AVAILABILITY,domains.list,2022-01-22 06:46:27.753593
xchangetrak.com,AVAILABILITY,domains.list,2022-01-22 06:46:28.234065
xvika.org,AVAILABILITY,domains.list,2022-01-22 06:46:33.888852
xxxxxxx.hopto.org,AVAILABILITY,domains.list,2022-01-22 06:46:34.379872
x.zeroredirect.com,AVAILABILITY,domains.list,2022-01-22 06:46:49.816113
y.zeroredirect.com,AVAILABILITY,domains.list,2022-01-22 06:47:05.383951
ycv.clearshieldredirect.com,AVAILABILITY,domains.list,2022-01-22 06:47:05.897312
www.wwwcheaptickets.com,AVAILABILITY,domains.list,2022-01-22 06:48:11.409706
yk.handlerhackz.tk,AVAILABILITY,domains.list,2022-01-22 06:48:13.774785
yourdedicatedhost.com,AVAILABILITY,domains.list,2022-01-22 06:48:14.511735
z.zeroredirect.com,AVAILABILITY,domains.list,2022-01-22 06:48:29.844923
www.wwwbluemountian.com,AVAILABILITY,domains.list,2022-01-22 06:48:30.739078
w832297.open.ge.tt,AVAILABILITY,domains.list,2022-01-22 06:48:31.752636
www.vaultsappsbyte.com,AVAILABILITY,domains.list,2022-01-22 06:48:32.279289
www.ranchapptag.com,AVAILABILITY,domains.list,2022-01-22 06:48:32.756587
4.whereinliguria.com,AVAILABILITY,domains.list,2022-01-22 06:48:33.270354
4.whereinlombardy.com,AVAILABILITY,domains.list,2022-01-22 06:48:33.774598
4.whereinmolise.com,AVAILABILITY,domains.list,2022-01-22 06:48:34.298873
4.whereinpiemonte.com,AVAILABILITY,domains.list,2022-01-22 06:48:34.800768
4.whereinsardegna.com,AVAILABILITY,domains.list,2022-01-22 06:48:35.327952
4.whereinsicilia.com,AVAILABILITY,domains.list,2022-01-22 06:48:35.823864
4.whereintoscana.com,AVAILABILITY,domains.list,2022-01-22 06:48:36.330045
4.whereintrentinoaltoadige.com,AVAILABILITY,domains.list,2022-01-22 06:48:36.814976
www.hackkitarena.tk,AVAILABILITY,domains.list,2022-01-22 06:48:38.700772
www.k-lite.tk,AVAILABILITY,domains.list,2022-01-22 06:48:44.182037
www.mobi-hack.tk,AVAILABILITY,domains.list,2022-01-22 06:48:45.977647
www.mycleanpc.tk,AVAILABILITY,domains.list,2022-01-22 06:48:48.130381
www.naijahacking.tk,AVAILABILITY,domains.list,2022-01-22 06:48:50.010957
www.private-id.tk,AVAILABILITY,domains.list,2022-01-22 06:48:51.840639
www.search2007.info,AVAILABILITY,domains.list,2022-01-22 06:48:52.427653
www.themexp.org,AVAILABILITY,domains.list,2022-01-22 06:49:54.552834
11.lamarianella.info,AVAILABILITY,domains.list,2022-01-22 06:49:55.217923
anonymousproxy.tk,AVAILABILITY,domains.list,2022-01-22 06:50:01.803518
av0713.tk,AVAILABILITY,domains.list,2022-01-22 06:50:04.318004
babos.scrapping.cc,AVAILABILITY,domains.list,2022-01-22 06:50:05.434336
csmail.iggcn.com,AVAILABILITY,domains.list,2022-01-22 06:50:06.109708
download.ascentive.com,AVAILABILITY,domains.list,2022-01-22 06:50:06.897024
hackkitarena.tk,AVAILABILITY,domains.list,2022-01-22 06:50:09.386768
k-lite.tk,AVAILABILITY,domains.list,2022-01-22 06:50:11.581139
maxregistrycleaner.net,AVAILABILITY,domains.list,2022-01-22 06:50:12.326551
mobi-hack.tk,AVAILABILITY,domains.list,2022-01-22 06:50:17.900653
naijahacking.tk,AVAILABILITY,domains.list,2022-01-22 06:50:20.169008
mycleanpc.tk,AVAILABILITY,domains.list,2022-01-22 06:50:22.260181
private-id.tk,AVAILABILITY,domains.list,2022-01-22 06:50:24.655510
quickbitsdownloads.com,AVAILABILITY,domains.list,2022-01-22 06:50:25.213484
registrycleanerpro.net,AVAILABILITY,domains.list,2022-01-22 06:50:25.837643
www.analyticdns.org,AVAILABILITY,domains.list,2022-01-22 06:50:26.599565
www.anonymousproxy.tk,AVAILABILITY,domains.list,2022-01-22 06:50:28.940429
www.av0713.tk,AVAILABILITY,domains.list,2022-01-22 06:50:30.749243
www.barclaysghana.org,AVAILABILITY,domains.list,2022-01-22 06:50:31.453342
www.desifever.com,AVAILABILITY,domains.list,2022-01-22 06:50:31.964094
www.freebitmoney.com,AVAILABILITY,domains.list,2022-01-22 06:50:32.448588
www.gnuetella.com,AVAILABILITY,domains.list,2022-01-22 06:50:33.002674
4.androidislamic.com,AVAILABILITY,domains.list,2022-01-22 06:50:33.468985
4.whereinitaly.com,AVAILABILITY,domains.list,2022-01-22 06:50:33.918687
4.collecorvino.org,AVAILABILITY,domains.list,2022-01-22 06:50:34.403778
4.whereinlazio.com,AVAILABILITY,domains.list,2022-01-22 06:50:34.972526
4.whereinmilan.com,AVAILABILITY,domains.list,2022-01-22 06:50:35.490655
4.whereinpuglia.com,AVAILABILITY,domains.list,2022-01-22 06:50:35.944632
4.whereinsicily.com,AVAILABILITY,domains.list,2022-01-22 06:50:36.452648
6.mamaswishes.com,AVAILABILITY,domains.list,2022-01-22 06:50:36.975736
ad3.hornymatches.com,AVAILABILITY,domains.list,2022-01-22 06:50:37.656909
11163221-517901.c.adprotect.net,AVAILABILITY,domains.list,2022-01-22 06:50:38.447276
adclickservice.com,AVAILABILITY,domains.list,2022-01-22 06:50:38.902391
ad.slutload.com,AVAILABILITY,domains.list,2022-01-22 06:50:39.665235
ads.wikipartes.com,AVAILABILITY,domains.list,2022-01-22 06:50:41.669926
adcmtd.mac-torrent-download.net,AVAILABILITY,domains.list,2022-01-22 06:50:44.191728
advancedsoftwaresupport.com,AVAILABILITY,domains.list,2022-01-22 06:50:44.854346
adserve.cpmba.se,AVAILABILITY,domains.list,2022-01-22 06:50:45.612117
aff.naughtyconnect.com,AVAILABILITY,domains.list,2022-01-22 06:50:46.197503
adweb1.hornymatches.com,AVAILABILITY,domains.list,2022-01-22 06:50:46.855898
amazing-offers.co.il,AVAILABILITY,domains.list,2022-01-22 06:50:48.999238
atofilms.com,AVAILABILITY,domains.list,2022-01-22 06:50:49.496209
a.zeroredirect.com,AVAILABILITY,domains.list,2022-01-22 06:51:04.331904
ayehcleaners.com,AVAILABILITY,domains.list,2022-01-22 06:51:04.855723
ayada.zapto.org,AVAILABILITY,domains.list,2022-01-22 06:51:05.380191
b.zeroredirect.com,AVAILABILITY,domains.list,2022-01-22 06:51:21.426783
banners.leadingedgecash.com,AVAILABILITY,domains.list,2022-01-22 06:51:22.248317
bbcdn.code.new.smartcontext.pl,AVAILABILITY,domains.list,2022-01-22 06:51:30.723254
bonzbuddy.com,AVAILABILITY,domains.list,2022-01-22 06:51:31.372196
bonzibuddi.com,AVAILABILITY,domains.list,2022-01-22 06:51:31.879013
banner.tonygpoker.com,AVAILABILITY,domains.list,2022-01-22 06:51:32.293471
butterfly-media.co.uk,AVAILABILITY,domains.list,2022-01-22 06:51:33.091446
c.pioneeringad.com,AVAILABILITY,domains.list,2022-01-22 06:51:33.558931
c.zeroredirect.com,AVAILABILITY,domains.list,2022-01-22 06:51:49.715851
campamento.queenscamp.com,AVAILABILITY,domains.list,2022-01-22 06:51:50.500456
cdn.advancedmactools.com,AVAILABILITY,domains.list,2022-01-22 06:51:50.943400
cdn.opensubcontent.com,AVAILABILITY,domains.list,2022-01-22 06:51:51.354780
chat2.livechatinc.com,AVAILABILITY,domains.list,2022-01-22 06:51:51.908023
ccp14.ac.uk,AVAILABILITY,domains.list,2022-01-22 06:52:17.075004
coding.1100011.ir,AVAILABILITY,domains.list,2022-01-22 06:52:44.291559
click.zeroclickdirect.com,AVAILABILITY,domains.list,2022-01-22 06:52:44.702946
continentialairline.com,AVAILABILITY,domains.list,2022-01-22 06:52:45.273580
compactiongames.gameaholic.com,AVAILABILITY,domains.list,2022-01-22 06:52:54.240332
www.searchignited.com,AVAILABILITY,domains.list,2022-01-22 06:53:20.866524
www.bestwm.info,AVAILABILITY,domains.list,2022-01-22 06:53:21.901782
www.lprshcsmijfovp.com,AVAILABILITY,domains.list,2022-01-22 06:53:27.355801
www.facebookloginsignin.com,AVAILABILITY,domains.list,2022-01-22 06:53:27.725388
www.googlwe.com,AVAILABILITY,domains.list,2022-01-22 06:53:28.163095
www.wwwcallwave.com,AVAILABILITY,domains.list,2022-01-22 06:53:28.553275
www.mainteck-fr.com,AVAILABILITY,domains.list,2022-01-22 06:53:28.917085
download.torchbrowser.com,AVAILABILITY,domains.list,2022-01-22 06:53:29.630273
www.luchtenbergdecor.com.br,AVAILABILITY,domains.list,2022-01-22 06:53:31.618375
d.tds.adlabs.ru,AVAILABILITY,domains.list,2022-01-22 06:53:34.408716
d.zeroredirect.com,AVAILABILITY,domains.list,2022-01-22 06:53:50.402989
dipli.unipa.it,AVAILABILITY,domains.list,2022-01-22 06:53:53.317856
directhackerz.tk,AVAILABILITY,domains.list,2022-01-22 06:53:55.419032
dlldlldll.sytes.net,AVAILABILITY,domains.list,2022-01-22 06:53:56.008245
doda.redirectme.net,AVAILABILITY,domains.list,2022-01-22 06:53:56.435580
e.zeroredirect.com,AVAILABILITY,domains.list,2022-01-22 06:54:12.376125
eclean.or.kr,AVAILABILITY,domains.list,2022-01-22 06:54:14.615874
elisaart.it,AVAILABILITY,domains.list,2022-01-22 06:54:17.471707
err.000webhost.com,AVAILABILITY,domains.list,2022-01-22 06:54:17.855924
counter.top.dating.lt,AVAILABILITY,domains.list,2022-01-22 06:54:20.606107
f.zeroredirect.com,AVAILABILITY,domains.list,2022-01-22 06:54:36.162978
www.x-park.net,AVAILABILITY,domains.list,2022-01-22 06:54:37.889687
www.gvc.vn,AVAILABILITY,domains.list,2022-01-22 06:55:24.001508
www.mueller-holz-bau.com,AVAILABILITY,domains.list,2022-01-22 07:00:02.368134
analytics.safelinking.net,AVAILABILITY,domains.list,2022-01-22 07:00:03.486757
www.bluemountain2.com,AVAILABILITY,domains.list,2022-01-22 07:00:03.960982
a.zeroredirect2.com,AVAILABILITY,domains.list,2022-01-22 07:00:04.667554
b.zeroredirect2.com,AVAILABILITY,domains.list,2022-01-22 07:00:05.262281
c.zeroredirect2.com,AVAILABILITY,domains.list,2022-01-22 07:00:05.816853
d.zeroredirect2.com,AVAILABILITY,domains.list,2022-01-22 07:00:16.413920
e.zeroredirect2.com,AVAILABILITY,domains.list,2022-01-22 07:00:17.058690
f.zeroredirect2.com,AVAILABILITY,domains.list,2022-01-22 07:00:17.585459
www.zeroredirect2.com,AVAILABILITY,domains.list,2022-01-22 07:00:18.237998
zd.zeroredirect2.com,AVAILABILITY,domains.list,2022-01-22 07:00:18.937226
ze.zeroredirect2.com,AVAILABILITY,domains.list,2022-01-22 07:00:19.611661
popunder.popcde.com,AVAILABILITY,domains.list,2022-01-22 07:00:21.692118
fecabook.redirectme.net,AVAILABILITY,domains.list,2022-01-22 07:00:22.354367
finders.hopto.org,AVAILABILITY,domains.list,2022-01-22 07:00:27.019440
ftp.flyfishusa.com,AVAILABILITY,domains.list,2022-01-22 07:00:27.493735
g.zeroredirect.com,AVAILABILITY,domains.list,2022-01-22 07:00:39.511004
gbanners.hornymatches.com,AVAILABILITY,domains.list,2022-01-22 07:00:40.013572
h.zeroredirect.com,AVAILABILITY,domains.list,2022-01-22 07:00:51.477057
haartezenglish.redirectme.net,AVAILABILITY,domains.list,2022-01-22 07:00:52.064780
hackairtel.tk,AVAILABILITY,domains.list,2022-01-22 07:00:53.503802
hacking-facebook.com,AVAILABILITY,domains.list,2022-01-22 07:00:53.998450
handlerhackz.tk,AVAILABILITY,domains.list,2022-01-22 07:00:55.360961
hapjes-maken.eu,AVAILABILITY,domains.list,2022-01-22 07:00:56.215289
havijrat.zapto.org,AVAILABILITY,domains.list,2022-01-22 07:00:56.819577
hitwastedgarden.com,AVAILABILITY,domains.list,2022-01-22 07:00:57.355217
hot2015rewards.com,AVAILABILITY,domains.list,2022-01-22 07:00:57.867347
i.trkjmp.com,AVAILABILITY,domains.list,2022-01-22 07:00:58.456580
i.zeroredirect.com,AVAILABILITY,domains.list,2022-01-22 07:01:10.038090
images.brainfox.com,AVAILABILITY,domains.list,2022-01-22 07:01:11.402446
interyield.jmp9.com,AVAILABILITY,domains.list,2022-01-22 07:01:12.200472
itunesdownloadstore.com,AVAILABILITY,domains.list,2022-01-22 07:01:12.729068
j.pioneeringad.com,AVAILABILITY,domains.list,2022-01-22 07:01:13.196883
j.zeroredirect.com,AVAILABILITY,domains.list,2022-01-22 07:01:25.726774
japanmadchen.com,AVAILABILITY,domains.list,2022-01-22 07:01:26.201504
www.downloads-whatsapp.com,AVAILABILITY,domains.list,2022-01-22 07:01:26.594287
my.pcsecurityshield.com,AVAILABILITY,domains.list,2022-01-22 07:01:38.375268
gserv.zdnet.co.uk,AVAILABILITY,domains.list,2022-01-22 07:01:39.529633
www.pcsecurityshield.com,AVAILABILITY,domains.list,2022-01-22 07:01:51.204218
clickcash.webpower.com,AVAILABILITY,domains.list,2022-01-22 07:01:52.222536
www.googlew.com,AVAILABILITY,domains.list,2022-01-22 07:01:52.644613
www.pdf-platinum.info,AVAILABILITY,domains.list,2022-01-22 07:01:53.094968
jque.net,AVAILABILITY,domains.list,2022-01-22 07:01:53.684109
js.coinisrsdelivery.com,AVAILABILITY,domains.list,2022-01-22 07:01:54.108704
k.zeroredirect.com,AVAILABILITY,domains.list,2022-01-22 07:02:06.015562
www.qzip.cjb.net,AVAILABILITY,domains.list,2022-01-22 07:02:11.673832
qzip.cjb.net,AVAILABILITY,domains.list,2022-01-22 07:02:12.210248
www.registrycleaner-reviews.net,AVAILABILITY,domains.list,2022-01-22 07:02:12.679082
www.rowanmclean.com,AVAILABILITY,domains.list,2022-01-22 07:02:14.282611
www.alaksaair.com,AVAILABILITY,domains.list,2022-01-22 07:02:15.311438
www.alaskaaair.com,AVAILABILITY,domains.list,2022-01-22 07:02:16.306710
ka.bar.need2find.com,AVAILABILITY,domains.list,2022-01-22 07:02:16.844239
j.theadsnet.com,AVAILABILITY,domains.list,2022-01-22 07:03:13.900524
l.zeroredirect.com,AVAILABILITY,domains.list,2022-01-22 07:03:25.870149
lifeeverest.com,AVAILABILITY,domains.list,2022-01-22 07:03:26.358709
lilian.redirectme.net,AVAILABILITY,domains.list,2022-01-22 07:03:26.975293
littlesturgisrally.com,AVAILABILITY,domains.list,2022-01-22 07:03:27.478726
lycosgamesville.com,AVAILABILITY,domains.list,2022-01-22 07:03:28.001697
m57ku6sm.com,AVAILABILITY,domains.list,2022-01-22 07:03:28.498606
m.zeroredirect.com,AVAILABILITY,domains.list,2022-01-22 07:03:39.785048
maconbraves.com,AVAILABILITY,domains.list,2022-01-22 07:03:40.348615
mal-ware-domain-list-2.tinker.pureleads.sendori.com,AVAILABILITY,domains.list,2022-01-22 07:03:40.750079
marketing-internet-solution.naix.pureleads.sendori.com,AVAILABILITY,domains.list,2022-01-22 07:03:41.167776
minigameplanet.com,AVAILABILITY,domains.list,2022-01-22 07:03:41.705075
mlpoint.pt,AVAILABILITY,domains.list,2022-01-22 07:03:47.663115
mrace.hopto.org,AVAILABILITY,domains.list,2022-01-22 07:03:48.343791
my-pc-cleaner.org,AVAILABILITY,domains.list,2022-01-22 07:03:48.840531
maybankard.com.my,AVAILABILITY,domains.list,2022-01-22 07:03:54.656471
naijahacklord.tk,AVAILABILITY,domains.list,2022-01-22 07:03:56.396391
nkgamers.com,AVAILABILITY,domains.list,2022-01-22 07:03:57.007945
noredirecto.redirectme.net,AVAILABILITY,domains.list,2022-01-22 07:03:57.579394
n.zeroredirect.com,AVAILABILITY,domains.list,2022-01-22 07:04:09.301513
ns3.ishosting.net,AVAILABILITY,domains.list,2022-01-22 07:04:10.858449
oneund.ru,AVAILABILITY,domains.list,2022-01-22 07:04:12.432723
o.zeroredirect.com,AVAILABILITY,domains.list,2022-01-22 07:04:24.724997
orango.redirectme.net,AVAILABILITY,domains.list,2022-01-22 07:04:25.319572
pc-detox.com,AVAILABILITY,domains.list,2022-01-22 07:04:25.793418
p.zeroredirect.com,AVAILABILITY,domains.list,2022-01-22 07:04:37.418149
q.zeroredirect.com,AVAILABILITY,domains.list,2022-01-22 07:04:49.201731
rahulthehacker.tk,AVAILABILITY,domains.list,2022-01-22 07:04:50.629448
redirectlnk.redirectme.net,AVAILABILITY,domains.list,2022-01-22 07:04:51.159423
search.brainfox.com,AVAILABILITY,domains.list,2022-01-22 07:04:52.612295
searchatomic.com,AVAILABILITY,domains.list,2022-01-22 07:04:53.156129
ships.zapto.org,AVAILABILITY,domains.list,2022-01-22 07:04:53.698766
site.falconbucks.com,AVAILABILITY,domains.list,2022-01-22 07:04:54.399052
stignita.zapto.org,AVAILABILITY,domains.list,2022-01-22 07:04:55.135786
stressx.org,AVAILABILITY,domains.list,2022-01-22 07:04:56.067091
s.zeroredirect.com,AVAILABILITY,domains.list,2022-01-22 07:05:08.263433
theads.me,AVAILABILITY,domains.list,2022-01-22 07:05:08.856221
thenewupdatee.redirectme.net,AVAILABILITY,domains.list,2022-01-22 07:05:09.417408
t.zeroredirect.com,AVAILABILITY,domains.list,2022-01-22 07:05:21.275917
triggers1.wfxtriggers.com,AVAILABILITY,domains.list,2022-01-22 07:05:21.956877
trk.simply.net,AVAILABILITY,domains.list,2022-01-22 07:05:23.372087
ttt.fwq101.tk,AVAILABILITY,domains.list,2022-01-22 07:05:24.527999
tttbbbttt.zapto.org,AVAILABILITY,domains.list,2022-01-22 07:05:25.531539
top.dating.lt,AVAILABILITY,domains.list,2022-01-22 07:05:28.448129
updatesoftwaresend.com,AVAILABILITY,domains.list,2022-01-22 07:05:28.956253
urchman11.zapto.org,AVAILABILITY,domains.list,2022-01-22 07:05:29.576324
w.zeroredirect.com,AVAILABILITY,domains.list,2022-01-22 07:05:41.227110
www2.leadingedgecash.com,AVAILABILITY,domains.list,2022-01-22 07:05:41.914010
www.0iecfobt.com,AVAILABILITY,domains.list,2022-01-22 07:05:42.376922
www.94uyvwwh.com,AVAILABILITY,domains.list,2022-01-22 07:05:42.839548
www.adclickservice.com,AVAILABILITY,domains.list,2022-01-22 07:05:43.299369
www.adforati.com,AVAILABILITY,domains.list,2022-01-22 07:05:43.738952
www.advancedmactools.com,AVAILABILITY,domains.list,2022-01-22 07:05:44.276864
www.advancedsoftwaresupport.com,AVAILABILITY,domains.list,2022-01-22 07:05:44.790286
www.affntwklnk.com,AVAILABILITY,domains.list,2022-01-22 07:05:45.355665
www.amazing-offers.co.il,AVAILABILITY,domains.list,2022-01-22 07:05:46.566570
www.antalya.ru,AVAILABILITY,domains.list,2022-01-22 07:05:48.338361
www.atofilms.com,AVAILABILITY,domains.list,2022-01-22 07:05:48.796098
www.actrck.com,AVAILABILITY,domains.list,2022-01-22 07:06:00.956161
www.av-clean.com,AVAILABILITY,domains.list,2022-01-22 07:06:01.338284
www.ayehcleaners.com,AVAILABILITY,domains.list,2022-01-22 07:06:01.772171
www.ayada.zapto.org,AVAILABILITY,domains.list,2022-01-22 07:06:02.255583
www.babos.scrapping.cc,AVAILABILITY,domains.list,2022-01-22 07:06:02.952478
www.bestadbid.com,AVAILABILITY,domains.list,2022-01-22 07:06:03.540854
www.bonzbuddy.com,AVAILABILITY,domains.list,2022-01-22 07:06:04.020542
www.bonzibuddi.com,AVAILABILITY,domains.list,2022-01-22 07:06:09.537411
www.bugsurf.com,AVAILABILITY,domains.list,2022-01-22 07:06:09.979143
www.catz4.com,AVAILABILITY,domains.list,2022-01-22 07:06:10.433189
www.butterfly-media.co.uk,AVAILABILITY,domains.list,2022-01-22 07:06:11.060015
www.beyondwhois.com,AVAILABILITY,domains.list,2022-01-22 07:06:14.409057
www.cecash.com,AVAILABILITY,domains.list,2022-01-22 07:06:49.662951
www.ccp14.ac.uk,AVAILABILITY,domains.list,2022-01-22 07:06:55.415856
www.cheapstickets.com,AVAILABILITY,domains.list,2022-01-22 07:07:45.059567
www.cheaptickests.com,AVAILABILITY,domains.list,2022-01-22 07:08:25.627459
www.cheapticketes.com,AVAILABILITY,domains.list,2022-01-22 07:09:07.683835
www.cheapticketsinc.com,AVAILABILITY,domains.list,2022-01-22 07:09:52.757618
www.cleanallvirus.com,AVAILABILITY,domains.list,2022-01-22 07:09:53.217417
www.cleanup-your-computer.com,AVAILABILITY,domains.list,2022-01-22 07:09:53.622269
www.clearshieldredirect.com,AVAILABILITY,domains.list,2022-01-22 07:09:54.107576
www.contentcleaner.com,AVAILABILITY,domains.list,2022-01-22 07:09:54.616155
www.continentialairline.com,AVAILABILITY,domains.list,2022-01-22 07:09:55.052709
www.contniental.com,AVAILABILITY,domains.list,2022-01-22 07:09:55.708911
www.cudacorp.com,AVAILABILITY,domains.list,2022-01-22 07:09:57.413577
www.directhackerz.tk,AVAILABILITY,domains.list,2022-01-22 07:09:58.320503
www.disable-uac.com,AVAILABILITY,domains.list,2022-01-22 07:09:58.833220
www.localh0st.info,AVAILABILITY,domains.list,2022-01-22 07:09:59.747010
www.sebcotrk.com,AVAILABILITY,domains.list,2022-01-22 07:10:00.255561
www.searchnut.com,AVAILABILITY,domains.list,2022-01-22 07:10:50.732018
smartfixer.software-phile.com,AVAILABILITY,domains.list,2022-01-22 07:10:51.181716
www.software-phile.com,AVAILABILITY,domains.list,2022-01-22 07:10:51.645189
